{"Connections":[[2.0,10.0,0.17000000178813934,0.4000000059604645,1.0,210.0],[5.0,9.0,0.009999999776482582,0.699999988079071,1.0,59.0],[4.0,9.0,0.009999999776482582,0.6000000238418579,1.0,49.0],[2.0,9.0,0.009999999776482582,0.699999988079071,1.0,29.0],[1.0,9.0,0.009999999776482582,0.5,1.0,19.0],[2.0,11.0,-0.12999999523162842,0.699999988079071,1.0,211.0],[11.0,10.0,0.17000000178813934,0.4000000059604645,1.0,1110.0],[11.0,11.0,-0.12999999523162842,0.699999988079071,1.0,1111.0],[11.0,9.0,0.009999999776482582,0.699999988079071,1.0,119.0],[6.0,13.0,0.1249999925494194,0.10000000149011612,1.0,613.0],[13.0,9.0,0.009999999776482582,0.10000000149011612,1.0,139.0],[5.0,10.0,0.17000000178813934,0.699999988079071,1.0,510.0],[11.0,12.0,0.029999995604157448,0.699999988079071,1.0,1112.0],[12.0,9.0,0.009999999776482582,0.699999988079071,1.0,129.0],[2.0,12.0,0.029999995604157448,0.699999988079071,1.0,212.0],[12.0,9.0,0.009999999776482582,0.699999988079071,1.0,129.0]],"Nodes":[[[1.0,-0.6500000357627869],[2.0,0.0],[3.0,1.0],[4.0,0.0],[5.0,0.0],[6.0,-0.25609755516052246],[7.0,0.7673858404159546],[8.0,-0.6375356316566467]],[[9.0,0.0],[10.0,0.0]],[[11.0,0.5,0.0],[12.0,0.4000000059604645,0.0]]],"Point Position":10.0}