{"Connections":[[3.0,9.0,0.009999999776482582,0.5,1.0,39.0],[2.0,9.0,0.009999999776482582,0.699999988079071,1.0,29.0],[1.0,11.0,-0.06499999761581421,0.6000000238418579,1.0,111.0],[11.0,9.0,0.009999999776482582,0.6000000238418579,1.0,119.0],[2.0,10.0,0.17000000178813934,0.30000001192092896,1.0,210.0],[5.0,10.0,0.17000000178813934,0.699999988079071,1.0,510.0],[1.0,13.0,0.1249999925494194,0.699999988079071,1.0,113.0],[13.0,9.0,0.009999999776482582,0.699999988079071,1.0,139.0],[1.0,9.0,0.009999999776482582,0.800000011920929,1.0,19.0],[7.0,9.0,0.009999999776482582,0.4000000059604645,1.0,79.0],[5.0,9.0,0.009999999776482582,0.800000011920929,1.0,59.0],[11.0,10.0,0.17000000178813934,0.6000000238418579,1.0,1110.0],[2.0,11.0,-0.06499999761581421,0.6000000238418579,1.0,211.0],[11.0,11.0,-0.06499999761581421,0.6000000238418579,1.0,1111.0],[2.0,12.0,0.0,0.699999988079071,1.0,212.0],[12.0,9.0,0.009999999776482582,0.699999988079071,1.0,129.0],[4.0,11.0,-0.06499999761581421,0.4000000059604645,1.0,411.0]],"Nodes":[[[1.0,-0.6500000357627869],[2.0,0.0],[3.0,1.0],[4.0,0.0],[5.0,0.0],[6.0,-0.7926828861236572],[7.0,0.5019369721412659],[8.0,-0.567188560962677]],[[9.0,0.0],[10.0,0.0]],[[11.0,0.5,0.0]]],"Point Position":-12.0}