{"Connections":[[6.0,10.0,0.17000000178813934,0.800000011920929,1.0,610.0],[6.0,9.0,0.009999999776482582,0.20000000298023224,1.0,69.0],[11.0,9.0,0.009999999776482582,0.5,1.0,119.0],[4.0,11.0,-0.06499999761581421,0.5,1.0,411.0],[11.0,11.0,-0.06499999761581421,0.5,1.0,1111.0],[2.0,9.0,0.009999999776482582,0.699999988079071,1.0,29.0],[11.0,10.0,0.17000000178813934,0.800000011920929,1.0,1110.0],[11.0,10.0,0.17000000178813934,0.800000011920929,1.0,1110.0],[4.0,9.0,0.009999999776482582,0.5,1.0,49.0],[4.0,10.0,0.17000000178813934,0.30000001192092896,1.0,410.0],[4.0,10.0,0.17000000178813934,0.10000000149011612,1.0,410.0],[6.0,11.0,-0.06499999761581421,0.800000011920929,1.0,611.0],[1.0,9.0,0.009999999776482582,0.10000000149011612,1.0,19.0],[11.0,13.0,0.0,0.800000011920929,1.0,1113.0],[13.0,10.0,0.17000000178813934,0.800000011920929,1.0,1310.0],[2.0,11.0,-0.06499999761581421,0.800000011920929,1.0,211.0],[7.0,11.0,-0.06499999761581421,0.10000000149011612,1.0,711.0],[4.0,12.0,0.029999995604157448,0.10000000149011612,1.0,412.0],[12.0,9.0,0.009999999776482582,0.10000000149011612,1.0,129.0],[5.0,11.0,-0.06499999761581421,0.800000011920929,1.0,511.0],[6.0,12.0,0.029999995604157448,0.800000011920929,1.0,612.0],[2.0,12.0,0.029999995604157448,0.800000011920929,1.0,212.0],[6.0,10.0,0.17000000178813934,0.6000000238418579,1.0,610.0],[2.0,10.0,0.17000000178813934,0.5,1.0,210.0],[11.0,14.0,0.0,0.800000011920929,1.0,1114.0],[14.0,10.0,0.17000000178813934,0.800000011920929,1.0,1410.0],[8.0,11.0,-0.06499999761581421,0.4000000059604645,1.0,811.0],[5.0,9.0,0.009999999776482582,0.20000000298023224,1.0,59.0],[3.0,11.0,-0.06499999761581421,0.30000001192092896,1.0,311.0]],"Nodes":[[[1.0,-0.6500000357627869],[2.0,0.0],[3.0,1.0],[4.0,0.0],[5.0,0.0],[6.0,-0.23170730471611023],[7.0,0.7732757329940796],[8.0,-0.639729380607605]],[[9.0,0.0],[10.0,0.0]],[[11.0,0.5,0.0]]],"Point Position":11.0}